LABEL	SRATE	SIZE	NGEN	CLADE_SIZE	HEIGHT_NGEN	HEIGHT_EDGE	DEPTH_NGEN	DEPTH_EDGE	TOTAL_NGEN
Struthio_camelus	0.060527	318550.7015151208	6981210.999999999	1	6981210.999999999	1	9299554.0	3	6981210.999999999
Casuarius_casuarius	0.011284	597568.5437968724	2472970.9999999995	1	2472970.9999999995	1	9299553.999999998	6	2472970.9999999995
Dromaius_novaehollandiae	0.015706	597568.5437968724	2472970.9999999995	1	2472970.9999999995	1	9299553.999999998	6	2472970.9999999995
Casuariiformes	0.014771	597568.5437968724	4238745.999999999	2	6711716.999999998	2	6826582.999999999	5	9184687.999999998
Apteryx_haastii	0.00059	88363.956898428	137603.0	1	137603.0	1	9299554.0	7	137603.0
Apteryx_owenii	0.000684	88363.956898428	137603.0	1	137603.0	1	9299554.0	7	137603.0
N6	0.001967	88363.956898428	278725.99999999994	2	416328.99999999994	2	9161951.0	6	553932.0
Apteryx_australis	0.001219	109355.10253340598	156641.99999999997	1	156641.99999999997	1	9299554.0	7	156641.99999999997
Apteryx_rowi	0.001088	109355.10253340598	156641.99999999997	1	156641.99999999997	1	9299554.0	7	156641.99999999997
N9	0.001171	109355.10253340598	259686.99999999997	2	416328.99999999994	2	9142912.0	6	572970.9999999999
Apterygiformes	0.019071	969741.9613663836	6295387.999999999	4	6711716.999999999	3	8883225.0	5	7422290.999999999
N11	0.000164	3014550.578284361	117518.99999999999	6	6829235.999999999	4	2587837.0	4	16724497.999999998
Rhea_americana	0.000573	504410.1821256707	2070581.9999999995	1	2070581.9999999995	1	9299554.0	6	2070581.9999999995
Rhea_pennata	0.000705	504410.1821256707	2070581.9999999995	1	2070581.9999999995	1	9299554.0	6	2070581.9999999995
Rheiformes	0.060529	504410.1821256707	4604111.0	2	6674693.0	2	7228972.0	5	8745275.0
Eudromia_elegans	0.079271	297695.4534994814	4379910.999999999	1	4379910.999999999	1	9299554.0	7	4379910.999999999
Nothoprocta_perdicaria	0.017559	372945.9368473685	1598346.9999999998	1	1598346.9999999998	1	9299554.0	8	1598346.9999999998
Nothoprocta_ornata	0.001384	209658.81074284227	215169.99999999997	1	215169.99999999997	1	9299554.0	9	215169.99999999997
Nothoprocta_pentlandii	0.001388	209658.81074284227	215169.99999999997	1	215169.99999999997	1	9299554.0	9	215169.99999999997
N19	0.005292	209658.81074284227	1383176.9999999998	2	1598346.9999999998	2	9084384.0	8	1813516.9999999998
N20	0.030972	372945.9368473685	2781563.9999999995	3	4379910.999999999	3	7701207.0	7	6193427.999999999
N21	0.005112	297695.4534994814	404891.99999999994	4	4784802.999999999	4	4919643.0	6	10978230.999999998
Nothocercus_julius	0.013167	399628.98667562933	1603753.9999999998	1	1603753.9999999998	1	9299554.0	8	1603753.9999999998
Nothocercus_nigrocapillus	0.013328	399628.98667562933	1603753.9999999998	1	1603753.9999999998	1	9299554.0	8	1603753.9999999998
N24	0.032591	399628.98667562933	2609551.9999999995	2	4213305.999999999	2	7695800.0	7	5817059.999999999
Tinamus_guttatus	0.04391	195727.48548638553	3445372.9999999995	1	3445372.9999999995	1	9299554.0	8	3445372.9999999995
Crypturellus_soui	0.020192	301955.9856484628	1805263.9999999998	1	1805263.9999999998	1	9299554.0	9	1805263.9999999998
Crypturellus_cinnamomeus	0.007183	242843.05563994692	699501.9999999999	1	699501.9999999999	1	9299554.0	10	699501.9999999999
Crypturellus_undulatus	0.006537	242843.05563994692	699501.9999999999	1	699501.9999999999	1	9299554.0	10	699501.9999999999
N29	0.005814	242843.05563994692	1105761.9999999998	2	1805263.9999999995	2	8600052.0	9	2504765.9999999995
N30	0.026849	301955.9856484628	1640108.9999999998	3	3445372.9999999995	3	7494290.0	8	5950138.999999999
N31	0.009311	195727.48548638553	767932.9999999999	4	4213305.999999999	4	5854181.0	7	10163444.999999998
N32	0.006222	214875.9747641984	571496.9999999999	6	4784802.999999999	5	5086248.0	6	16552001.999999998
Tinamiformes	0.076163	225835.6579245485	1889889.9999999998	10	6674692.999999999	6	4514751.0	5	29420122.999999996
N34	0.002816	1837745.9910430168	154543.0	12	6829236.0	7	2624861.0	4	38319941.0
N35	0.012688	51491.103110493146	151974.99999999997	18	6981211.0	8	2470318.0	3	55196414.0
N36	0.08045669702983141	318550.7015151208	2318343.0	19	9299554.0	9	2318343.0	2	64495968.0
Chauna_torquata	0.055019	546504.4918349469	4928940.999999999	1	4928940.999999999	1	9299553.999999998	5	4928940.999999999
Anseranas_semipalmata	0.043813	141489.22465023142	4464368.0	1	4464368.0	1	9299554.0	6	4464368.0
Anser_cygnoid	0.019163	238453.83915489554	2528719.9999999995	1	2528719.9999999995	1	9299553.999999998	7	2528719.9999999995
Cairina_moschata	0.011505	247811.05121491657	875887.9999999999	1	875887.9999999999	1	9299553.999999998	8	875887.9999999999
Asarcornis_scutulata	0.011329	176829.16258800038	736496.9999999999	1	736496.9999999999	1	9299553.999999998	9	736496.9999999999
Anas_platyrhynchos	0.001299	114841.26710658395	203928.99999999994	1	203928.99999999994	1	9299553.999999998	10	203928.99999999994
Anas_zonorhyncha	0.001304	114841.26710658395	203928.99999999994	1	203928.99999999994	1	9299553.999999998	10	203928.99999999994
N44	0.008233	114841.26710658395	532567.9999999999	2	736496.9999999998	2	9095624.999999998	9	940425.9999999998
N45	0.002006	176829.16258800038	139390.99999999997	3	875887.9999999999	3	8563056.999999998	8	1816313.9999999995
N46	0.023499	247811.05121491657	1652831.9999999998	4	2528719.9999999995	4	8423665.999999998	7	4345033.999999999
N47	0.050031	238453.83915489554	1935647.9999999998	5	4464367.999999999	5	6770833.999999999	6	8809401.999999998
N48	0.0072	141489.22465023142	464572.99999999994	6	4928941.0	6	4835185.999999999	5	13738342.999999998
Anseriformes	0.007002	546504.4918349469	1889812.9999999995	7	6818754.0	7	4370612.999999999	4	20557096.999999996
Alectura_lathami	0.09024	21896.370097576586	6670523.999999999	1	6670523.999999999	1	9299553.999999998	5	6670523.999999999
Penelope_pileata	0.085371	177875.3313333854	6021836.999999999	1	6021836.999999999	1	9299553.999999998	6	6021836.999999999
Numida_meleagris	0.047022	249993.5055764055	4071985.999999999	1	4071985.999999999	1	9299553.999999998	7	4071985.999999999
Odontophorus_gujanensis	0.026094	266914.3130803713	1689849.9999999995	1	1689849.9999999995	1	9299553.999999998	9	1689849.9999999995
Colinus_virginianus	0.011564	147236.8150401063	688394.9999999999	1	688394.9999999999	1	9299553.999999998	10	688394.9999999999
Callipepla_squamata	0.012946	147236.8150401063	688394.9999999999	1	688394.9999999999	1	9299553.999999998	10	688394.9999999999
N56	0.018749	147236.8150401063	1001454.9999999999	2	1689849.9999999998	2	8611158.999999998	9	2378244.9999999995
N57	0.046118	266914.3130803713	2125260.0	3	3815110.0	3	7609703.999999999	8	6193355.0
Gallus_gallus	0.038502	230080.20957787958	2692456.9999999995	1	2692456.9999999995	1	9299553.999999998	10	2692456.9999999995
Coturnix_japonica	0.065056	230080.20957787958	2692456.9999999995	1	2692456.9999999995	1	9299553.999999998	10	2692456.9999999995
N60	0.002991	230080.20957787958	183439.99999999997	2	2875896.9999999995	2	6607096.999999999	9	5568353.999999999
Phasianus_colchicus	0.027595	160061.715799462	1842653.9999999998	1	1842653.9999999998	1	9299553.999999998	10	1842653.9999999998
Meleagris_gallopavo	0.026889	132844.3019342499	1636843.9999999998	1	1636843.9999999998	1	9299553.999999998	11	1636843.9999999998
Tympanuchus_cupido	0.036351	132844.3019342499	1636843.9999999998	1	1636843.9999999998	1	9299553.999999998	11	1636843.9999999998
N64	0.003151	132844.3019342499	205809.99999999997	2	1842653.9999999998	2	7662709.999999999	10	3479497.9999999995
N65	0.017003	160061.715799462	1033242.9999999999	3	2875896.9999999995	3	7456899.999999999	9	6355394.999999999
N66	0.017515	152454.01540142365	939212.9999999999	5	3815109.9999999995	4	6423656.999999999	8	12862961.999999998
N67	0.004167	201137.75755358886	256875.99999999997	8	4071986.0	5	5484443.999999999	7	19313192.999999996
N68	0.032865	249993.5055764055	1949850.9999999998	9	6021837.0	6	5227567.999999999	6	25335030.0
N69	0.011316	177875.3313333854	648686.9999999999	10	6670524.0	7	3277716.9999999995	5	32005554.0
Galliformes	0.026231	21896.370097576586	148229.99999999997	11	6818754.0	8	2629029.9999999995	4	38824308.0
N71	0.039037	279538.38388186315	2024047.9999999998	18	8842802.0	9	2480799.9999999995	3	61405452.99999999
Phoenicopterus_ruber	0.031742	447681.7341980061	5394174.999999999	1	5394174.999999999	1	9299553.999999998	5	5394174.999999999
Podiceps_cristatus	0.011657	596359.6538772448	1274608.9999999998	1	1274608.9999999998	1	9299553.999999998	6	1274608.9999999998
Podilymbus_podiceps	0.018568	596359.6538772448	1274608.9999999998	1	1274608.9999999998	1	9299553.999999998	6	1274608.9999999998
Phoenicopteriformes_g	0.037684	596359.6538772448	4119565.999999999	2	5394174.999999999	2	8024944.999999998	5	6668783.999999999
N76	0.013946	447681.7341980061	1343851.0	3	6738025.999999999	3	3905378.9999999995	4	13406809.999999998
Mesitornis_unicolor	0.093832	667626.5487938684	6216339.999999999	1	6216339.999999999	1	9299553.999999998	8	6216339.999999999
Pterocles_burchelli	0.021349	547787.5553316992	1581052.9999999998	1	1581052.9999999998	1	9299554.0	9	1581052.9999999998
Pterocles_gutturalis	0.018626	155054.37582750965	1411637.9999999998	1	1411637.9999999998	1	9299554.0	10	1411637.9999999998
Syrrhaptes_paradoxus	0.026737	155054.37582750965	1411637.9999999998	1	1411637.9999999998	1	9299554.0	10	1411637.9999999998
N81	0.002301	155054.37582750965	169414.99999999997	2	1581052.9999999998	2	7887916.0	9	2992690.9999999995
Pterocliformes	0.056338	547787.5553316992	4635287.0	3	6216340.0	3	7718501.0	8	9209031.0
N83	0.00581	667626.5487938684	246475.99999999997	4	6462816.0	4	3083213.9999999995	7	15671847.0
Alopecoenas_beccarii	0.033286	178355.7550971958	2263531.9999999995	1	2263531.9999999995	1	9299553.999999998	9	2263531.9999999995
Caloenas_nicobarica	0.025542	178355.7550971958	2263531.9999999995	1	2263531.9999999995	1	9299553.999999998	9	2263531.9999999995
N86	0.001682	178355.7550971958	108899.99999999999	2	2372431.9999999995	2	7036021.999999999	8	4635963.999999999
Columbina_picui	0.04384	558180.2094651072	2304001.9999999995	1	2304001.9999999995	1	9299553.999999998	9	2304001.9999999995
Columba_livia	0.023458	155038.36585040324	1387378.9999999998	1	1387378.9999999998	1	9299553.999999998	10	1387378.9999999998
Patagioenas_fasciata	0.024657	155038.36585040324	1387378.9999999998	1	1387378.9999999998	1	9299553.999999998	10	1387378.9999999998
N90	0.010112	155038.36585040324	916622.9999999999	2	2304001.9999999995	2	7912174.999999999	9	3691380.999999999
N91	0.001135	558180.2094651072	68429.99999999999	3	2372431.9999999995	3	6995551.999999999	8	6063812.999999998
Columbiformes	0.06246	563399.1293678577	4090383.9999999995	5	6462815.999999999	4	6927121.999999999	7	14790160.999999998
N93	0.002771	860483.0781878408	26477.999999999996	9	6489294.0	5	2836737.9999999995	6	30488486.0
Tauraco_erythrolophus	0.038326	576625.308247164	2535354.9999999995	1	2535354.9999999995	1	9299553.999999998	8	2535354.9999999995
Corythaeola_cristata	0.023568	183584.78665639434	1686812.9999999998	1	1686812.9999999998	1	9299553.999999998	9	1686812.9999999998
Corythaixoides_concolor	0.025596	183584.78665639434	1686812.9999999998	1	1686812.9999999998	1	9299553.999999998	9	1686812.9999999998
N97	0.010269	183584.78665639434	848541.9999999999	2	2535354.9999999995	2	7612740.999999998	8	4222167.999999999
Musophagiformes	0.037852	576625.308247164	3897281.999999999	3	6432636.999999999	3	6764198.999999998	7	10654804.999999998
Lophotis_ruficrista	0.017079	621105.1550243767	1582209.9999999998	1	1582209.9999999998	1	9299553.999999998	9	1582209.9999999998
Ardeotis_kori	0.018493	221902.79407522688	1319780.0	1	1319780.0	1	9299553.999999998	10	1319780.0
Chlamydotis_macqueenii	0.022038	221902.79407522688	1319780.0	1	1319780.0	1	9299553.999999998	10	1319780.0
N102	0.004337	221902.79407522688	262429.99999999994	2	1582210.0	2	7979773.999999998	9	2901990.0
Otidiformes	0.054933	621105.1550243767	4746903.999999999	3	6329113.999999999	3	7717343.999999998	8	9231103.999999998
Geococcyx_californianus	0.069862	213046.8954969724	3860478.9999999995	1	3860478.9999999995	1	9299553.999999998	10	3860478.9999999995
Crotophaga_sulcirostris	0.054988	213046.8954969724	3860478.9999999995	1	3860478.9999999995	1	9299553.999999998	10	3860478.9999999995
N106	0.012804	213046.8954969724	966739.9999999999	2	4827218.999999999	2	5439074.999999999	9	8687697.999999998
Centropus_bengalensis	0.012955	417369.0408532084	970283.9999999999	1	970283.9999999999	1	9299553.999999998	11	970283.9999999999
Centropus_unirufus	0.005217	417369.0408532084	970283.9999999999	1	970283.9999999999	1	9299553.999999998	11	970283.9999999999
N109	0.07142	417369.0408532084	3232136.9999999995	2	4202420.999999999	2	8329269.999999998	10	5172704.999999999
Cuculus_canorus	0.049603	170836.22061110026	3060753.9999999995	1	3060753.9999999995	1	9299553.999999998	11	3060753.9999999995
Ceuthmochares_aereus	0.037182	150768.66391738018	2161611.9999999995	1	2161611.9999999995	1	9299553.999999998	12	2161611.9999999995
Piaya_cayana	0.050832	150768.66391738018	2161611.9999999995	1	2161611.9999999995	1	9299553.999999998	12	2161611.9999999995
N113	0.011829	150768.66391738018	899141.9999999999	2	3060753.9999999995	2	7137941.999999999	11	5222365.999999999
N114	0.01755	170836.22061110026	1141666.9999999998	3	4202420.999999999	3	6238799.999999999	10	9424786.999999998
N115	0.010424	145439.11726193313	624797.9999999999	5	4827218.999999999	4	5097132.999999999	9	15222289.999999998
Cuculiformes	0.036142	220830.16698994781	1501894.9999999998	7	6329113.999999999	5	4472334.999999999	8	25411882.999999996
N117	0.001647	4954431.880636236	103523.0	10	6432636.999999999	6	2970439.9999999995	7	34746509.99999999
N118	0.001987	776224.6317303933	56656.99999999999	13	6489293.999999999	7	2866916.9999999995	6	45457971.99999999
N119	0.000794	5320439.565697992	156275.99999999997	22	6645570.0	8	2810259.9999999995	5	76102733.99999999
Opisthocomus_hoazin	0.088716	9633474.761638643	6465508.999999999	1	6465508.999999999	1	9299553.999999998	8	6465508.999999999
Heliornis_fulica	0.085294	256235.5390922878	4053730.999999999	1	4053730.999999999	1	9299553.999999998	11	4053730.999999999
Atlantisia_rogersi	0.022882	311585.1237658014	1813228.9999999998	1	1813228.9999999998	1	9299553.999999998	12	1813228.9999999998
Zapornia_atra	0.018027	311585.1237658014	1813228.9999999998	1	1813228.9999999998	1	9299553.999999998	12	1813228.9999999998
N124	0.04843	311585.1237658014	2240501.9999999995	2	4053730.999999999	2	7486324.999999998	11	5866959.999999999
N125	0.030793	256235.5390922878	1612057.9999999998	3	5665788.999999999	3	5245822.999999999	10	11532748.999999998
Psophia_crepitans	0.066396	207311.60824810292	5207900.999999999	1	5207900.999999999	1	9299553.999999998	11	5207900.999999999
Aramus_guarauna	0.030796	441402.86101853027	2755714.9999999995	1	2755714.9999999995	1	9299553.999999998	12	2755714.9999999995
Balearica_regulorum	0.017191	186715.44363831042	1831247.9999999998	1	1831247.9999999998	1	9299553.999999998	13	1831247.9999999998
Grus_americana	0.014437	186715.44363831042	1831247.9999999998	1	1831247.9999999998	1	9299553.999999998	13	1831247.9999999998
N130	0.007195	186715.44363831042	924466.9999999998	2	2755714.9999999995	2	7468305.999999999	12	4586962.999999999
N131	0.012553	441402.86101853027	2452185.9999999995	3	5207900.999999999	3	6543838.999999999	11	9794863.999999998
N132	0.0039	207311.60824810292	457887.99999999994	4	5665788.999999999	4	4091652.9999999995	10	15460652.999999996
Gruiformes	0.017529	172228.04722077193	783350.9999999999	7	6449139.999999999	5	3633764.9999999995	9	27776752.999999996
Burhinus_bistriatus	0.037921	196981.87013161203	4457612.0	1	4457612.0	1	9299554.0	12	4457612.0
Chionis_minor	0.010537	409379.35102843447	1330902.9999999998	1	1330902.9999999998	1	9299553.999999998	13	1330902.9999999998
Pluvianellus_socialis	0.012593	409379.35102843447	1330902.9999999998	1	1330902.9999999998	1	9299553.999999998	13	1330902.9999999998
N137	0.032486	409379.35102843447	3126708.9999999995	2	4457611.999999999	2	7968650.999999998	12	5788514.999999999
N138	0.006443	196981.87013161203	666166.9999999999	3	5123779.0	3	4841941.999999999	11	10912294.0
Charadrius_alexandrinus	0.022059	209273.73253777303	2385628.0	1	2385628.0	1	9299554.0	13	2385628.0
Charadrius_vociferus	0.028846	209273.73253777303	2385628.0	1	2385628.0	1	9299554.0	13	2385628.0
N141	0.007958	209273.73253777303	848191.9999999999	2	3233820.0	2	6913925.999999999	12	5619448.0
Himantopus_himantopus	0.018855	241529.31848836847	2006833.9999999995	1	2006833.9999999995	1	9299553.999999998	13	2006833.9999999995
Ibidorhyncha_struthersii	0.024933	241529.31848836847	2006833.9999999995	1	2006833.9999999995	1	9299553.999999998	13	2006833.9999999995
N144	0.006579	241529.31848836847	1226985.9999999998	2	3233819.999999999	2	7292719.999999999	12	5240653.999999998
N145	0.009166	324846.1528559866	1889958.9999999998	4	5123779.0	3	6065733.999999999	11	12750060.999999998
N146	0.00329	164242.8473316278	387857.99999999994	7	5511637.0	4	4175774.9999999995	10	24050212.999999996
Limosa_lapponica	0.023362	267771.52940895496	2746161.9999999995	1	2746161.9999999995	1	9299553.999999998	13	2746161.9999999995
Arenaria_interpres	0.021151	182736.1471590894	1819584.9999999998	1	1819584.9999999998	1	9299553.999999998	14	1819584.9999999998
Calidris_pugnax	0.024532	182736.1471590894	1819584.9999999998	1	1819584.9999999998	1	9299553.999999998	14	1819584.9999999998
N150	0.001869	182736.1471590894	926576.9999999999	2	2746161.9999999995	2	7479968.999999999	13	4565746.999999999
N151	0.003975	267771.52940895496	1381401.9999999998	3	4127563.999999999	3	6553391.999999999	12	8693310.999999998
Pedionomus_torquatus	0.048516	174837.771531876	2497694.9999999995	1	2497694.9999999995	1	9299553.999999998	14	2497694.9999999995
Thinocorus_orbignyianus	0.045666	174837.771531876	2497694.9999999995	1	2497694.9999999995	1	9299553.999999998	14	2497694.9999999995
N154	0.011744	174837.771531876	901457.0	2	3399151.9999999995	2	6801858.999999999	13	5896846.999999999
Jacana_jacana	0.056964	133144.8386908738	2864037.9999999995	1	2864037.9999999995	1	9299553.999999998	14	2864037.9999999995
Nycticryphes_semicollaris	0.028383	171455.4140951372	1858132.9999999998	1	1858132.9999999998	1	9299553.999999998	15	1858132.9999999998
Rostratula_benghalensis	0.037064	171455.4140951372	1858132.9999999998	1	1858132.9999999998	1	9299553.999999998	15	1858132.9999999998
N158	0.006306	171455.4140951372	1005904.9999999998	2	2864037.9999999995	2	7441420.999999999	14	4722170.999999999
N159	0.006839	133144.8386908738	535113.9999999999	3	3399151.9999999995	3	6435515.999999999	13	8121322.999999998
N160	0.005456	125136.14297028193	728411.9999999999	5	4127563.9999999995	4	5900401.999999999	12	14746581.999999998
N161	0.014128	163988.6024400444	941549.9999999999	8	5069114.0	5	5171989.999999999	11	24381442.999999996
Turnix_velox	0.157814	264470.01561416435	4538003.999999999	1	4538003.999999999	1	9299553.999999998	12	4538003.999999999
Dromas_ardeola	0.022331	159181.7702358781	2871631.9999999995	1	2871631.9999999995	1	9299553.999999998	14	2871631.9999999995
Glareola_pratincola	0.033156	143319.49961361976	2320203.9999999995	1	2320203.9999999995	1	9299553.999999998	15	2320203.9999999995
Rhinoptilus_africanus	0.034294	143319.49961361976	2320203.9999999995	1	2320203.9999999995	1	9299553.999999998	15	2320203.9999999995
N166	0.005732	143319.49961361976	551428.0	2	2871631.9999999995	2	6979349.999999999	14	5191835.999999999
N167	0.005554	159181.7702358781	582043.9999999999	3	3453675.9999999995	3	6427921.999999999	13	8645511.999999998
Stercorarius_parasiticus	0.021668	110381.44445316376	2539396.9999999995	1	2539396.9999999995	1	9299553.999999998	15	2539396.9999999995
Cepphus_grylle	0.01644	119037.63730665605	1925474.0	1	1925474.0	1	9299554.0	16	1925474.0
Alca_torda	0.009601	103212.69992287777	1622008.9999999998	1	1622008.9999999998	1	9299553.999999998	17	1622008.9999999998
Uria_aalge	0.003171	266462.4875804232	452442.9999999999	1	452442.9999999999	1	9299553.999999998	18	452442.9999999999
Uria_lomvia	0.003077	266462.4875804232	452442.9999999999	1	452442.9999999999	1	9299553.999999998	18	452442.9999999999
N173	0.006508	266462.4875804232	1169565.9999999998	2	1622008.9999999995	2	8847110.999999998	17	2074451.9999999995
N174	0.003131	103212.69992287777	303464.99999999994	3	1925473.9999999998	3	7677544.999999999	16	3999925.999999999
N175	0.003782	119037.63730665605	613923.0	4	2539397.0	4	7374079.999999999	15	6539322.999999999
N176	0.001656	110381.44445316376	147863.0	5	2687260.0	5	6760156.999999999	14	9226583.0
Phaetusa_simplex	0.019648	538032.3283338281	1951670.9999999998	1	1951670.9999999998	1	9299553.999999998	16	1951670.9999999998
Rynchops_niger	0.024463	538032.3283338281	1951670.9999999998	1	1951670.9999999998	1	9299553.999999998	16	1951670.9999999998
N179	0.00061	538032.3283338281	87082.99999999999	2	2038753.9999999998	2	7347882.999999999	15	3990424.9999999995
Rissa_tridactyla	0.001576	312986.439721905	395617.99999999994	1	395617.99999999994	1	9299554.0	16	395617.99999999994
Chroicocephalus_maculipennis	0.003683	100014.14861776026	321815.99999999994	1	321815.99999999994	1	9299554.0	17	321815.99999999994
Larus_smithsonianus	0.003175	100014.14861776026	321815.99999999994	1	321815.99999999994	1	9299554.0	17	321815.99999999994
N183	0.000777	100014.14861776026	73801.99999999999	2	395617.99999999994	2	8977738.0	16	717433.9999999999
N184	0.01566	312986.439721905	1643136.0	3	2038754.0	3	8903936.0	15	2756188.0
N185	0.003069	158883.32678885918	648505.9999999999	5	2687260.0	4	7260799.999999999	14	7395119.0
N186	0.004952	172569.46540683712	766415.9999999999	10	3453676.0	6	6612293.999999999	13	17388118.0
N187	0.010365	285441.63443097135	1084327.9999999998	13	4538004.0	7	5845877.999999999	12	27117957.999999996
N188	0.005127	264470.01561416435	531109.9999999999	14	5069114.0	8	4761549.999999999	11	32187072.0
N189	0.006309	135984.58209673787	442522.99999999994	22	5511637.0	9	4230439.999999999	10	57011038.0
Charadriiformes	0.01192	218484.78278614933	937502.9999999999	29	6449140.0	10	3787916.9999999995	9	81998754.0
N191	0.000961	905617.8061564502	16368.999999999998	36	6465509.0	11	2850413.9999999995	8	109791876.0
N192	0.000827	9633474.761638643	58710.99999999999	37	6524220.0	12	2834044.9999999995	7	116316096.0
Nyctiprogne_leucopyga	0.021055	540695.6409194844	2590915.9999999995	1	2590915.9999999995	1	9299553.999999998	10	2590915.9999999995
Antrostomus_carolinensis	0.025729	310198.92997728905	2192002.9999999995	1	2192002.9999999995	1	9299553.999999998	11	2192002.9999999995
Chordeiles_acutipennis	0.028806	310198.92997728905	2192002.9999999995	1	2192002.9999999995	1	9299553.999999998	11	2192002.9999999995
N196	0.003143	310198.92997728905	398912.99999999994	2	2590915.9999999995	2	7107550.999999999	10	4782918.999999999
Caprimulgidae	0.048335	540695.6409194844	3634135.9999999995	3	6225051.999999999	3	6708637.999999999	9	11007970.999999998
Steatornis_caripensis	0.078069	7119693.181003551	6052311.999999999	1	6052311.999999999	1	9299553.999999998	11	6052311.999999999
Nyctibius_bracteatus	0.020719	640690.0192812242	2163117.9999999995	1	2163117.9999999995	1	9299553.999999998	12	2163117.9999999995
Nyctibius_grandis	0.015967	640690.0192812242	2163117.9999999995	1	2163117.9999999995	1	9299553.999999998	12	2163117.9999999995
Nyctibiidae	0.034838	640690.0192812242	3889193.999999999	2	6052311.999999998	2	7136435.999999998	11	8215429.999999998
N202	0.000931	7119693.181003551	106778.99999999999	3	6159090.999999999	3	3247241.9999999995	10	14374520.999999996
Podargus_strigoides	0.080574	781761.1108453185	6069406.999999999	1	6069406.999999999	1	9299553.999999998	11	6069406.999999999
Aegotheles_bennettii	0.077403	142672.08206656657	5804727.999999999	1	5804727.999999999	1	9299553.999999998	12	5804727.999999999
Chaetura_pelagica	0.062345	63541.636835190155	5055866.999999999	1	5055866.999999999	1	9299553.999999998	14	5055866.999999999
Hemiprocne_comata	0.038503	63541.636835190155	5055866.999999999	1	5055866.999999999	1	9299553.999999998	14	5055866.999999999
N207	0.023296	63541.636835190155	447364.99999999994	2	5503231.999999999	2	4243686.999999999	13	10559098.999999998
Calypte_anna	0.016288	512104.23656106315	1778208.9999999998	1	1778208.9999999998	1	9299553.999999998	14	1778208.9999999998
Oreotrochilus_melanogaster	0.013683	512104.23656106315	1778208.9999999998	1	1778208.9999999998	1	9299553.999999998	14	1778208.9999999998
N210	0.066587	512104.23656106315	3725022.9999999995	2	5503231.999999999	2	7521344.999999999	13	7281440.999999999
N211	0.011678	88375.34886001545	301495.99999999994	4	5804727.999999999	3	3796321.9999999995	12	18142035.999999996
N212	0.010461	142672.08206656657	264679.0	5	6069407.0	4	3494825.9999999995	11	24211443.0
Caprimulgiformes1	0.001938	781761.1108453185	89683.99999999999	6	6159091.0	5	3230146.9999999995	10	30370534.0
N214	0.001517	724920.8452977767	65961.0	9	6225052.0	6	3140462.9999999995	9	44811016.0
N215	0.006279	260454.2959695024	155172.99999999997	12	6380225.0	7	3074501.9999999995	8	55974160.0
Phaethon_lepturus	0.066221	1128107.689071676	5965764.999999999	1	5965764.999999999	1	9299553.999999998	10	5965764.999999999
Eurypyga_helias	0.042002	378331.96540389827	3156405.9999999995	1	3156405.9999999995	1	9299553.999999998	11	3156405.9999999995
Rhynochetos_jubatus	0.03786	378331.96540389827	3156405.9999999995	1	3156405.9999999995	1	9299553.999999998	11	3156405.9999999995
Eurypygiformes	0.049554	378331.96540389827	2809358.9999999995	2	5965764.999999999	2	6143147.999999999	10	9122170.999999998
N220	0.005478	1128107.689071676	381073.99999999994	3	6346838.999999999	3	3333788.9999999995	9	15469009.999999996
Gavia_stellata	0.048308	330119.51399464085	6227257.999999999	1	6227257.999999999	1	9299553.999999998	10	6227257.999999999
Aptenodytes_forsteri	0.010176	614871.3123625184	1434013.9999999998	1	1434013.9999999998	1	9299553.999999998	13	1434013.9999999998
Pygoscelis_adeliae	0.013406	614871.3123625184	1434013.9999999998	1	1434013.9999999998	1	9299553.999999998	13	1434013.9999999998
Sphenisciformes	0.016254	614871.3123625184	4630944.999999999	2	6064958.999999999	2	7865539.999999998	12	7498972.999999999
Thalassarche_chlororhynchos	0.025529	281597.98977083544	5448517.999999999	1	5448517.999999999	1	9299553.999999998	13	5448517.999999999
Fregetta_grallaria	0.014401	606066.4971744586	1903907.9999999995	1	1903907.9999999995	1	9299553.999999998	15	1903907.9999999995
Oceanites_oceanicus	0.016263	606066.4971744586	1903907.9999999995	1	1903907.9999999995	1	9299553.999999998	15	1903907.9999999995
N228	0.014176	606066.4971744586	3372126.999999999	2	5276034.999999998	2	7395645.999999998	14	7179942.999999998
Hydrobates_tethys	0.033375	226563.24098669103	5070040.999999999	1	5070040.999999999	1	9299553.999999998	15	5070040.999999999
Fulmarus_glacialis	0.016214	548232.1114798066	2389069.9999999995	1	2389069.9999999995	1	9299553.999999998	16	2389069.9999999995
Calonectris_borealis	0.017023	157962.71825841384	2217911.0	1	2217911.0	1	9299553.999999998	17	2217911.0
Pelecanoides_urinatrix	0.024315	157962.71825841384	2217911.0	1	2217911.0	1	9299553.999999998	17	2217911.0
N233	0.001218	157962.71825841384	171158.99999999997	2	2389070.0	2	7081642.999999998	16	4606981.0
N234	0.014915	548232.1114798066	2680970.9999999995	3	5070041.0	3	6910483.999999998	15	9677022.0
N235	0.00186	226563.24098669103	205993.99999999997	4	5276035.0	4	4229512.999999999	14	14953057.0
N236	0.001698	207966.78632307838	172482.99999999997	6	5448518.0	5	4023518.9999999995	13	22305483.0
Procellariiformes	0.004867	281597.98977083544	616440.9999999999	7	6064959.0	6	3851035.9999999995	12	28370442.0
N238	0.001207	612824.6530124437	66869.99999999999	9	6131828.999999999	7	3234594.9999999995	11	35936284.99999999
Ciconia_maguari	0.038461	365437.3948089797	6069926.999999999	1	6069926.999999999	1	9299553.999999998	12	6069926.999999999
Mesembrinibis_cayennensis	0.02172	580530.0085748063	3003604.9999999995	1	3003604.9999999995	1	9299553.999999998	15	3003604.9999999995
Nipponia_nippon	0.02369	580530.0085748063	3003604.9999999995	1	3003604.9999999995	1	9299553.999999998	15	3003604.9999999995
N242	0.016317	580530.0085748063	2864357.9999999995	2	5867962.999999999	2	6295948.999999999	14	8871567.999999998
Cochlearius_cochlearius	0.022884	306970.35379173944	3411997.9999999995	1	3411997.9999999995	1	9299553.999999998	16	3411997.9999999995
Egretta_garzetta	0.030823	306970.35379173944	3411997.9999999995	1	3411997.9999999995	1	9299553.999999998	16	3411997.9999999995
N245	0.029492	306970.35379173944	2363075.9999999995	2	5775073.999999999	2	5887555.999999999	15	9187071.999999998
Balaeniceps_rex	0.029753	552225.2711229882	3804364.0	1	3804364.0	1	9299554.0	16	3804364.0
Pelecanus_crispus	0.037343	1338653.0425923977	3699428.9999999995	1	3699428.9999999995	1	9299553.999999998	17	3699428.9999999995
Scopus_umbretta	0.049858	1338653.0425923977	3699428.9999999995	1	3699428.9999999995	1	9299553.999999998	17	3699428.9999999995
N249	0.00083	1338653.0425923977	104934.99999999999	2	3804363.9999999995	2	5600124.999999999	16	7503792.999999999
N250	0.009777	552225.2711229882	1970709.9999999998	3	5775074.0	3	5495189.999999999	15	13278866.999999998
N251	0.0006	921184.1511826428	92888.99999999999	5	5867963.0	4	3524479.9999999995	14	22558827.999999996
N252	0.001368	348467.95903540705	104448.99999999997	7	5972412.0	5	3431590.9999999995	13	31534844.999999996
Fregata_magnificens	0.034244	378569.45334687567	5406358.999999999	1	5406358.999999999	1	9299553.999999998	14	5406358.999999999
Sula_dactylatra	0.037085	311043.6875299801	3826735.999999999	1	3826735.999999999	1	9299553.999999998	15	3826735.999999999
Anhinga_anhinga	0.01907	235579.59658819152	1892200.9999999998	1	1892200.9999999998	1	9299553.999999998	17	1892200.9999999998
Anhinga_rufa	0.019191	235579.59658819152	1892200.9999999998	1	1892200.9999999998	1	9299553.999999998	17	1892200.9999999998
N257	0.013718	235579.59658819152	1536786.9999999998	2	3428987.9999999995	2	7407352.999999999	16	5321188.999999999
Phalacrocorax_carbo	0.005793	115052.99142959561	562387.9999999999	1	562387.9999999999	1	9299553.999999998	18	562387.9999999999
Phalacrocorax_pelagicus	0.005707	115052.99142959561	562387.9999999999	1	562387.9999999999	1	9299553.999999998	18	562387.9999999999
N260	0.000661	115052.99142959561	61640.99999999999	2	624028.9999999999	2	8737165.999999998	17	1186416.9999999998
Phalacrocorax_harrisi	0.003407	86656.25990384756	358916.99999999994	1	358916.99999999994	1	9299553.999999998	18	358916.99999999994
Phalacrocorax_auritus	0.001645	112081.77892675599	206247.99999999997	1	206247.99999999997	1	9299553.999999998	19	206247.99999999997
Phalacrocorax_brasilianus	0.001583	112081.77892675599	206247.99999999997	1	206247.99999999997	1	9299553.999999998	19	206247.99999999997
N264	0.001194	112081.77892675599	152669.0	2	358917.0	2	9093305.999999998	18	565165.0
N265	0.002148	86656.25990384756	265112.0	3	624029.0	3	8940636.999999998	17	1189194.0
N266	0.01274	374643.82286471606	2804958.9999999995	5	3428987.9999999995	4	8675524.999999998	16	5180569.999999999
N267	0.003502	178709.93198113656	397747.99999999994	7	3826735.9999999995	5	5870565.999999999	15	10899506.999999998
N268	0.016328	311043.6875299801	1579622.9999999998	8	5406358.999999999	6	5472817.999999999	14	16305865.999999996
N269	0.005108	378569.45334687567	566052.9999999999	9	5972411.999999999	7	3893194.9999999995	13	22278277.999999996
N270	0.001577	267300.87943508016	97514.99999999999	16	6069927.0	8	3327141.9999999995	12	53910638.0
Pelecaniformes	0.001412	365437.3948089797	61901.99999999999	17	6131829.0	9	3229626.9999999995	11	60042467.0
N272	0.003605	234552.49944452482	95428.99999999999	26	6227258.0	10	3167724.9999999995	10	96074181.0
N273	0.004535	330119.51399464085	119580.99999999999	27	6346839.0	11	3072295.9999999995	9	102421020.0
N274	0.001123	1082692.9874883764	33385.99999999999	30	6380225.0	12	2952714.9999999995	8	117923416.0
N275	0.000427	13458735.077100392	143994.99999999997	42	6524220.0	13	2919328.9999999995	7	174041571.0
N276	0.000381	5527090.925859286	59486.99999999999	79	6583707.0	14	2775333.9999999995	6	290417154.0
Tyto_alba	0.063653	408853.0711455959	5562062.999999999	1	5562062.999999999	1	9299553.999999998	10	5562062.999999999
Glaucidium_brasilianum	0.037291	609405.5100261637	1699570.9999999998	1	1699570.9999999998	1	9299553.999999998	11	1699570.9999999998
Ciccaba_nigrolineata	0.000916	279565.52896261157	233953.99999999997	1	233953.99999999997	1	9299553.999999998	12	233953.99999999997
Strix_occidentalis	0.000832	279565.52896261157	233953.99999999997	1	233953.99999999997	1	9299553.999999998	12	233953.99999999997
N281	0.014914	279565.52896261157	1465616.9999999998	2	1699570.9999999998	2	9065599.999999998	11	1933524.9999999998
N282	0.024084	609405.5100261637	3862491.9999999995	3	5562062.999999999	3	7599982.999999999	10	7495587.999999999
Strigiformes	0.0108	408853.0711455959	775316.9999999999	4	6337379.999999999	4	3737490.9999999995	9	13832967.999999998
Cathartes_aura	0.034275	465426.7678037207	6217681.999999999	1	6217681.999999999	1	9299553.999999998	10	6217681.999999999
Sagittarius_serpentarius	0.046003	278436.4306871936	5408771.999999999	1	5408771.999999999	1	9299553.999999998	11	5408771.999999999
Pandion_haliaetus	0.03574	432183.17185865366	3225612.0	1	3225612.0	1	9299554.0	12	3225612.0
Circaetus_pectoralis	0.011406	368625.06557688175	928945.9999999999	1	928945.9999999999	1	9299554.0	13	928945.9999999999
Haliaeetus_albicilla	0.00033	100565.9726709997	49506.99999999999	1	49506.99999999999	1	9299554.0	15	49506.99999999999
Haliaeetus_leucocephalus	0.000377	100565.9726709997	49506.99999999999	1	49506.99999999999	1	9299554.0	15	49506.99999999999
N290	0.003537	100565.9726709997	790702.9999999999	2	840209.9999999999	2	9250047.0	14	889716.9999999999
Aquila_chrysaetos	0.004831	92341.19120816769	376776.99999999994	1	376776.99999999994	1	9299554.0	15	376776.99999999994
Spizaetus_tyrannus	0.005529	92341.19120816769	376776.99999999994	1	376776.99999999994	1	9299554.0	15	376776.99999999994
N293	0.004852	92341.19120816769	463432.99999999994	2	840209.9999999999	2	8922777.0	14	1216986.9999999998
N294	0.001284	80394.74435694722	88735.99999999999	4	928945.9999999999	3	8459344.0	13	2195439.9999999995
N295	0.012118	368625.06557688175	2296665.9999999995	5	3225611.9999999995	4	8370608.0	12	5421051.999999999
N296	0.008916	432183.17185865366	2183160.0	6	5408772.0	5	6073942.0	11	10829824.0
N297	0.008832	278436.4306871936	808909.9999999999	7	6217682.0	6	3890781.9999999995	10	17047506.0
Accipitriformes	0.002415	465426.7678037207	119697.99999999997	8	6337380.0	7	3081871.9999999995	9	23384886.0
N299	0.000842	1112763.5966640937	26956.999999999993	12	6364337.0	8	2962173.9999999995	8	37244811.0
Colius_striatus	0.028148	504458.2527607621	2127712.9999999995	1	2127712.9999999995	1	9299553.999999998	10	2127712.9999999995
Urocolius_indicus	0.032478	504458.2527607621	2127712.9999999995	1	2127712.9999999995	1	9299553.999999998	10	2127712.9999999995
Coliiformes	0.088714	504458.2527607621	4223606.999999999	2	6351319.999999998	2	7171840.999999998	9	8479032.999999998
Leptosomus_discolor	0.072346	255208.08853839152	6286200.999999999	1	6286200.999999999	1	9299553.999999998	10	6286200.999999999
Apaloderma_vittatum	0.029018	510422.57157595403	2059793.9999999998	1	2059793.9999999998	1	9299553.999999998	12	2059793.9999999998
Trogon_melanurus	0.026245	510422.57157595403	2059793.9999999998	1	2059793.9999999998	1	9299553.999999998	12	2059793.9999999998
Trogoniformes	0.075673	510422.57157595403	4171360.9999999995	2	6231154.999999999	2	7239759.999999999	11	8290948.999999999
Buceros_rhinoceros	0.043374	457719.31847135385	2415566.9999999995	1	2415566.9999999995	1	9299553.999999998	14	2415566.9999999995
Bucorvus_abyssinicus	0.02782	457719.31847135385	2415566.9999999995	1	2415566.9999999995	1	9299553.999999998	14	2415566.9999999995
N309	0.042399	457719.31847135385	3117961.9999999995	2	5533528.999999999	2	6883986.999999999	13	7949095.999999998
Rhinopomastus_cyanomelas	0.092831	313953.7483001238	3170238.9999999995	1	3170238.9999999995	1	9299553.999999998	14	3170238.9999999995
Upupa_epops	0.088847	313953.7483001238	3170238.9999999995	1	3170238.9999999995	1	9299553.999999998	14	3170238.9999999995
N312	0.080891	313953.7483001238	2363289.9999999995	2	5533528.999999999	2	6129314.999999999	13	8703767.999999998
Bucerotiformes	0.012765	372383.6360584959	590334.9999999999	4	6123863.999999999	3	3766024.9999999995	12	17243198.999999996
Merops_nubicus	0.099795	151692.47339564728	5468310.999999999	1	5468310.999999999	1	9299553.999999998	15	5468310.999999999
Brachypteracias_leptosomus	0.056888	309842.2391933926	3800856.9999999995	1	3800856.9999999995	1	9299553.999999998	16	3800856.9999999995
Eurystomus_gularis	0.050625	309842.2391933926	3800856.9999999995	1	3800856.9999999995	1	9299553.999999998	16	3800856.9999999995
N317	0.019973	309842.2391933926	1667453.9999999998	2	5468310.999999999	2	5498696.999999999	15	9269167.999999998
N318	0.002782	151692.47339564728	151369.99999999997	3	5619680.999999999	3	3831242.9999999995	14	14888848.999999996
Todus_mexicanus	0.088045	186027.5502547343	4923969.0	1	4923969.0	1	9299554.0	15	4923969.0
Baryphthengus_martii	0.079944	163247.60268434614	4539703.999999999	1	4539703.999999999	1	9299553.999999998	16	4539703.999999999
Ceyx_cyanopectus	0.088837	222486.91898120355	3228488.999999999	1	3228488.999999999	1	9299553.999999998	17	3228488.999999999
Chloroceryle_aenea	0.062109	294866.9469254404	3055287.9999999995	1	3055287.9999999995	1	9299553.999999998	18	3055287.9999999995
Halcyon_senegalensis	0.04342	294866.9469254404	3055287.9999999995	1	3055287.9999999995	1	9299553.999999998	18	3055287.9999999995
N324	0.001628	294866.9469254404	173200.99999999997	2	3228488.9999999995	2	6244265.999999999	17	6283776.999999999
N325	0.015624	222486.91898120355	1311214.9999999998	3	4539703.999999999	3	6071064.999999999	16	10823480.999999996
N326	0.005192	163247.60268434614	384264.99999999994	4	4923968.999999999	4	4759849.999999999	15	15747449.999999996
N327	0.009885	186027.5502547343	695711.9999999999	5	5619681.0	5	4375584.999999999	14	21367130.999999996
Coraciiformes	0.010104	95455.61834481607	368559.99999999994	8	5988241.0	6	3679872.9999999995	13	36624539.99999999
Bucco_capensis	0.087521	301325.7603149395	4193294.999999999	1	4193294.999999999	1	9299553.999999998	15	4193294.999999999
Galbula_dea	0.080933	301325.7603149395	4193294.999999999	1	4193294.999999999	1	9299553.999999998	15	4193294.999999999
N331	0.021587	301325.7603149395	1370408.9999999998	2	5563703.999999999	2	5106258.999999999	14	9756998.999999998
Picoides_pubescens	0.052484	194674.1042362147	2728459.9999999995	1	2728459.9999999995	1	9299553.999999998	16	2728459.9999999995
Indicator_maculatus	0.044251	194674.1042362147	2728459.9999999995	1	2728459.9999999995	1	9299553.999999998	16	2728459.9999999995
N334	0.016626	194674.1042362147	1093077.9999999998	2	3821537.999999999	2	6571093.999999999	15	6549997.999999998
Psilopogon_haemacephalus	0.065776	155213.71015666352	2810475.9999999995	1	2810475.9999999995	1	9299553.999999998	16	2810475.9999999995
Tricholaema_leucomelas	0.058739	203993.1640328517	2562289.0	1	2562289.0	1	9299554.0	17	2562289.0
Eubucco_bourcierii	0.029816	170784.6286928078	1451131.9999999998	1	1451131.9999999998	1	9299553.999999998	18	1451131.9999999998
Ramphastos_sulfuratus	0.018351	174340.61585767425	1267934.9999999998	1	1267934.9999999998	1	9299553.999999998	19	1267934.9999999998
Semnornis_frantzii	0.02872	174340.61585767425	1267934.9999999998	1	1267934.9999999998	1	9299553.999999998	19	1267934.9999999998
N340	0.002416	174340.61585767425	183196.99999999997	2	1451131.9999999998	2	8031618.999999999	18	2719066.9999999995
N341	0.027547	170784.6286928078	1111156.9999999998	3	2562288.9999999995	3	7848421.999999999	17	5281355.999999999
N342	0.003101	203993.1640328517	248186.99999999994	4	2810476.0	4	6737264.999999999	16	8091831.999999999
N343	0.016897	155213.71015666352	1011061.9999999999	5	3821538.0	5	6489077.999999999	15	11913370.0
N344	0.065009	222918.6484167928	1742165.9999999998	7	5563704.0	6	5478015.999999999	14	20205534.0
Piciformes	0.009609	273564.6367063762	424536.99999999994	9	5988241.0	7	3735849.9999999995	13	30387069.999999996
N346	0.003388	199626.6326882705	135622.99999999997	17	6123864.0	8	3311312.9999999995	12	67147232.99999999
N347	0.004387	175126.4076671557	107290.99999999999	21	6231155.0	9	3175689.9999999995	11	84497722.99999999
N348	0.001846	374953.2928462596	55045.999999999985	23	6286201.0	10	3068398.9999999995	10	92843717.99999999
N349	0.002496	255208.08853839152	65118.99999999999	24	6351320.0	11	3013352.9999999995	9	99195037.99999999
N350	0.001193	422767.47062457184	13016.999999999998	26	6364337.0	12	2948233.9999999995	8	107687087.99999999
N351	0.000893	323411.0003365022	17000.999999999996	38	6381338.0	13	2935216.9999999995	7	144948899.99999997
Cariama_cristata	0.007547	697991.3465345209	771421.9999999999	1	771421.9999999999	1	9299553.999999998	9	771421.9999999999
Chunga_burmeisteri	0.007436	697991.3465345209	771421.9999999999	1	771421.9999999999	1	9299553.999999998	9	771421.9999999999
Cariamiformes	0.042357	697991.3465345209	5541869.999999999	2	6313291.999999999	2	8528131.999999998	8	7084713.999999999
Herpetotheres_cachinnans	0.026568	454626.4094699836	3197247.9999999995	1	3197247.9999999995	1	9299553.999999998	10	3197247.9999999995
Falco_cherrug	0.000911	341486.06020112685	121441.99999999999	1	121441.99999999999	1	9299553.999999998	11	121441.99999999999
Falco_peregrinus	0.000878	341486.06020112685	121441.99999999999	1	121441.99999999999	1	9299553.999999998	11	121441.99999999999
N358	0.025004	341486.06020112685	3075805.9999999995	2	3197247.9999999995	2	9178111.999999998	10	3318689.9999999995
Falconiformes	0.028205	454626.4094699836	3059333.9999999995	3	6256581.999999999	3	6102305.999999999	9	9575271.999999998
Nestor_notabilis	0.042144	329297.10988994315	3525214.9999999995	1	3525214.9999999995	1	9299553.999999998	11	3525214.9999999995
Eolophus_roseicapillus	0.013817	272782.64925299207	1244602.9999999998	1	1244602.9999999998	1	9299553.999999998	13	1244602.9999999998
Probosciger_aterrimus	0.014906	272782.64925299207	1244602.9999999998	1	1244602.9999999998	1	9299553.999999998	13	1244602.9999999998
N363	0.016941	272782.64925299207	1503678.9999999998	2	2748281.9999999995	2	8054950.999999999	12	3992884.999999999
Amazona_guildingii	0.041241	98073.52015776276	2341071.0	1	2341071.0	1	9299554.0	13	2341071.0
Agapornis_roseicollis	0.038954	113649.56764827613	1850521.9999999998	1	1850521.9999999998	1	9299553.999999998	14	1850521.9999999998
Melopsittacus_undulatus	0.03545	113649.56764827613	1850521.9999999998	1	1850521.9999999998	1	9299553.999999998	14	1850521.9999999998
N367	0.007787	113649.56764827613	490548.99999999994	2	2341070.9999999995	2	7449031.999999999	13	4191592.999999999
N368	0.006438	98073.52015776276	407211.0	3	2748282.0	3	6958482.999999999	12	6939875.0
N369	0.011942	155522.98954763493	776932.9999999999	5	3525215.0	4	6551271.999999999	11	11709693.0
Psittaciformes	0.051867	329297.10988994315	2645811.9999999995	6	6171027.0	5	5774338.999999999	10	17880720.0
Acanthisitta_chloris	0.084476	157851.1600163415	5070652.999999999	1	5070652.999999999	1	9299554.0	11	5070652.999999999
Neodrepanis_coruscans	0.046411	163007.31463143864	2121966.9999999995	1	2121966.9999999995	1	9299554.0	15	2121966.9999999995
Serilophus_lunatus	0.046582	163007.31463143864	2121966.9999999995	1	2121966.9999999995	1	9299554.0	15	2121966.9999999995
N374	0.016576	163007.31463143864	819101.9999999999	2	2941068.9999999995	2	7177587.0	14	5063035.999999999
Sapayoa_aenigma	0.056431	484571.53227044694	2801995.9999999995	1	2801995.9999999995	1	9299554.0	16	2801995.9999999995
Pitta_sordida	0.076499	484571.53227044694	2801995.9999999995	1	2801995.9999999995	1	9299554.0	16	2801995.9999999995
N377	0.002186	484571.53227044694	76199.99999999999	2	2878195.9999999995	2	6497558.0	15	5680191.999999999
Calyptomena_viridis	0.041018	142846.2764919315	2436989.0	1	2436989.0	1	9299554.0	16	2436989.0
Smithornis_capensis	0.050005	142846.2764919315	2436989.0	1	2436989.0	1	9299554.0	16	2436989.0
N380	0.008196	142846.2764919315	441206.99999999994	2	2878196.0	2	6862565.0	15	5315185.0
N381	0.001488	202080.91677106576	62872.99999999999	4	2941069.0	3	6421358.0	14	11058250.0
N382	0.009583	151649.77027488608	1014515.9999999999	6	3955585.0	4	6358485.0	13	17135802.0
Rhegmatorhina_hoffmannsi	0.020314	219659.15079346288	1137827.9999999998	1	1137827.9999999998	1	9299554.0	16	1137827.9999999998
Sakesphorus_luctuosus	0.019421	219659.15079346288	1137827.9999999998	1	1137827.9999999998	1	9299554.0	16	1137827.9999999998
N385	0.042126	219659.15079346288	1683124.9999999998	2	2820952.9999999995	2	8161726.0	15	3958780.999999999
Grallaria_varia	0.060626	116913.49995447916	2656212.9999999995	1	2656212.9999999995	1	9299554.0	16	2656212.9999999995
Scytalopus_superciliaris	0.049577	96028.17969897848	2508660.9999999995	1	2508660.9999999995	1	9299554.0	17	2508660.9999999995
Formicarius_rufipectus	0.068581	212306.8963738042	2430553.9999999995	1	2430553.9999999995	1	9299554.0	18	2430553.9999999995
Sclerurus_mexicanus	0.030737	129822.70272208827	1662434.9999999998	1	1662434.9999999998	1	9299554.0	19	1662434.9999999998
Furnarius_figulus	0.031464	91650.68714675486	1433285.9999999998	1	1433285.9999999998	1	9299554.0	20	1433285.9999999998
Campylorhamphus_procurvoides	0.011942	114899.0371943654	636382.9999999999	1	636382.9999999999	1	9299554.0	21	636382.9999999999
Xiphorhynchus_elegans	0.010568	114899.0371943654	636382.9999999999	1	636382.9999999999	1	9299554.0	21	636382.9999999999
N393	0.019632	114899.0371943654	796902.9999999999	2	1433285.9999999998	2	8663171.0	20	2069668.9999999995
N394	0.004339	91650.68714675486	229148.99999999997	3	1662434.9999999998	3	7866268.0	19	3732103.999999999
N395	0.012737	129822.70272208827	768118.9999999999	4	2430553.9999999995	4	7637119.0	18	6162657.999999999
N396	0.001381	212306.8963738042	78107.0	5	2508660.9999999995	5	6869000.0	17	8671318.999999998
N397	0.003336	96028.17969897848	147551.99999999997	6	2656212.9999999995	6	6790893.0	16	11327531.999999998
N398	0.002929	116913.49995447916	164739.99999999997	7	2820952.9999999995	7	6643341.0	15	14148484.999999998
N399	0.013187	111778.94000440897	664461.9999999999	9	3485415.0	8	6478601.0	14	18771728.0
Lepidothrix_coronata	0.010415	209986.90337433075	574573.9999999999	1	574573.9999999999	1	9299554.0	16	574573.9999999999
Manacus_manacus	0.011504	209986.90337433075	574573.9999999999	1	574573.9999999999	1	9299554.0	16	574573.9999999999
N402	0.008925	209986.90337433075	1627733.9999999995	2	2202307.9999999995	2	8724980.0	15	2776881.9999999995
Cephalopterus_ornatus	0.038337	140377.89622261515	2121681.9999999995	1	2121681.9999999995	1	9299554.0	16	2121681.9999999995
Pachyramphus_minor	0.04424	125684.73749093646	2059733.9999999995	1	2059733.9999999995	1	9299554.0	17	2059733.9999999995
Onychorhynchus_coronatus	0.039351	505268.26269464486	1934528.9999999995	1	1934528.9999999995	1	9299554.0	19	1934528.9999999995
Oxyruncus_cristatus	0.037912	505268.26269464486	1934528.9999999995	1	1934528.9999999995	1	9299554.0	19	1934528.9999999995
N407	0.001862	505268.26269464486	88534.99999999999	2	2023063.9999999995	2	7365025.0	18	3957592.999999999
Piprites_chloris	0.042481	108468.02271557976	1844365.0	1	1844365.0	1	9299554.0	19	1844365.0
Neopipo_cinnamomea	0.031563	118144.67187646076	1748042.9999999995	1	1748042.9999999995	1	9299554.0	20	1748042.9999999995
Tachuris_rubrigastra	0.038954	385866.04044284293	1714075.9999999998	1	1714075.9999999998	1	9299554.0	21	1714075.9999999998
Mionectes_macconnelli	0.045877	326964.8354450149	1643094.9999999998	1	1643094.9999999998	1	9299554.0	22	1643094.9999999998
Tyrannus_savana	0.036381	326964.8354450149	1643094.9999999998	1	1643094.9999999998	1	9299554.0	22	1643094.9999999998
N413	0.001731	326964.8354450149	70981.0	2	1714075.9999999998	2	7656459.0	21	3357170.9999999995
N414	0.000999	385866.04044284293	33967.0	3	1748042.9999999998	3	7585478.0	20	5105213.999999999
N415	0.002761	118144.67187646076	96321.99999999999	4	1844364.9999999998	4	7551511.0	19	6949578.999999998
N416	0.004163	108468.02271557976	178698.99999999997	5	2023064.0	5	7455189.0	18	8972642.999999998
N417	0.000785	369366.4709111186	36670.0	7	2059734.0	6	7276490.0	17	12966905.999999998
N418	0.001812	125684.73749093646	61947.99999999999	8	2121682.0	7	7239820.0	16	15088588.0
N419	0.002102	140377.89622261515	80625.99999999999	9	2202308.0	8	7177872.0	15	17290896.0
N420	0.003198	194711.9801658122	1283106.9999999998	11	3485415.0	9	7097246.0	14	21350884.999999996
N421	0.006412	134608.75503254234	470169.9999999999	20	3955584.9999999995	10	5814139.0	13	40592782.99999999
N422	0.009343	183085.70440268415	778834.9999999999	26	4734420.0	11	5343969.0	12	58507419.99999999
Atrichornis_clamosus	0.04636	202058.81786920043	2870176.9999999995	1	2870176.9999999995	1	9299554.0	14	2870176.9999999995
Menura_novaehollandiae	0.031769	202058.81786920043	2870176.9999999995	1	2870176.9999999995	1	9299554.0	14	2870176.9999999995
N425	0.014771	202058.81786920043	1142364.9999999998	2	4012541.999999999	2	6429377.0	13	6882718.999999998
Climacteris_rufus	0.059451	222839.6275258242	3301442.999999999	1	3301442.999999999	1	9299554.0	15	3301442.999999999
Ptilonorhynchus_violaceus	0.045921	222839.6275258242	3301442.999999999	1	3301442.999999999	1	9299554.0	15	3301442.999999999
N428	0.006901	222839.6275258242	493285.9999999999	2	3794728.999999999	2	5998111.0	14	7096171.999999998
Malurus_elegans	0.070123	147434.66571144937	2844412.9999999995	1	2844412.9999999995	1	9299554.0	16	2844412.9999999995
Dasyornis_broadbenti	0.046536	121295.42098836374	2584367.9999999995	1	2584367.9999999995	1	9299554.0	17	2584367.9999999995
Grantiella_picta	0.048837	193760.4119149622	2493646.9999999995	1	2493646.9999999995	1	9299554.0	18	2493646.9999999995
Origma_solitaria	0.040366	150480.51561928648	2204941.0	1	2204941.0	1	9299554.0	19	2204941.0
Pardalotus_punctatus	0.040265	150480.51561928648	2204941.0	1	2204941.0	1	9299554.0	19	2204941.0
N434	0.005081	150480.51561928648	288705.99999999994	2	2493647.0	2	7094613.0	18	4698588.0
N435	0.001538	193760.4119149622	90720.99999999999	3	2584368.0	3	6805907.0	17	7282956.0
N436	0.004565	121295.42098836374	260044.99999999994	4	2844413.0	4	6715186.0	16	10127369.0
N437	0.008316	147434.66571144937	488510.99999999994	5	3332924.0	5	6455141.0	15	13460293.0
Orthonyx_spaldingii	0.046662	433939.91432852333	2890999.9999999995	1	2890999.9999999995	1	9299554.0	17	2890999.9999999995
Pomatostomus_ruficeps	0.058213	433939.91432852333	2890999.9999999995	1	2890999.9999999995	1	9299554.0	17	2890999.9999999995
N440	0.003003	433939.91432852333	166974.99999999997	2	3057974.9999999995	2	6408554.0	16	5948974.999999999
Ptilorrhoa_leucosticta	0.036374	229069.71131230987	2567207.9999999995	1	2567207.9999999995	1	9299554.0	18	2567207.9999999995
Edolisoma_coerulescens	0.033765	57469.396439551354	2526816.0	1	2526816.0	1	9299554.0	19	2526816.0
Chaetorhynchus_papuensis	0.025366	184996.75978114715	1673920.9999999998	1	1673920.9999999998	1	9299554.0	22	1673920.9999999998
Rhipidura_dahli	0.038301	184996.75978114715	1673920.9999999998	1	1673920.9999999998	1	9299554.0	22	1673920.9999999998
N445	0.00605	184996.75978114715	374929.99999999994	2	2048850.9999999998	2	7625633.0	21	3722771.9999999995
Dicrurus_megarhynchus	0.028494	587839.8584378046	2011119.9999999998	1	2011119.9999999998	1	9299554.0	22	2011119.9999999998
Myiagra_hebetior	0.03465	107240.65801252834	1965455.9999999998	1	1965455.9999999998	1	9299554.0	23	1965455.9999999998
Struthidea_cinerea	0.028062	754719.7718540758	1915840.9999999998	1	1915840.9999999998	1	9299554.0	25	1915840.9999999998
Ifrita_kowaldi	0.028201	443997.58012449177	1859624.9999999998	1	1859624.9999999998	1	9299554.0	26	1859624.9999999998
Paradisaea_raggiana	0.024167	443997.58012449177	1859624.9999999998	1	1859624.9999999998	1	9299554.0	26	1859624.9999999998
N451	0.001005	443997.58012449177	56215.99999999999	2	1915840.9999999998	2	7439929.0	25	3775465.9999999995
N452	0.000613	754719.7718540758	20498.999999999996	3	1936339.9999999998	3	7383713.0	24	5711805.999999999
Lanius_ludovicianus	0.041767	133551.28734947758	1707410.0	1	1707410.0	1	9299554.0	25	1707410.0
Aphelocoma_coerulescens	0.012555	137924.92683088922	800474.9999999999	1	800474.9999999999	1	9299554.0	26	800474.9999999999
Corvus_moneduloides	0.003262	87242.51018641716	247056.99999999997	1	247056.99999999997	1	9299554.0	27	247056.99999999997
Corvus_brachyrhynchos	0.000789	44539.67654436331	84075.99999999999	1	84075.99999999999	1	9299554.0	28	84075.99999999999
Corvus_cornix	0.000603	44539.67654436331	84075.99999999999	1	84075.99999999999	1	9299554.0	28	84075.99999999999
N458	0.001598	44539.67654436331	162980.99999999997	2	247056.99999999994	2	9215478.0	27	331132.99999999994
N459	0.005909	87242.51018641716	553417.9999999999	3	800474.9999999999	3	9052497.0	26	1131607.9999999998
N460	0.007654	137924.92683088922	906934.9999999999	4	1707409.9999999998	4	8499079.0	25	2839017.9999999995
N461	0.003488	133551.28734947758	228929.99999999994	5	1936340.0	5	7592144.0	24	4775358.0
N462	7.1e-05	907661.7880358626	29115.999999999993	8	1965456.0	6	7363214.0	23	10516280.0
N463	0.001316	107240.65801252834	45663.99999999999	9	2011120.0	7	7334098.0	22	12527400.0
N464	0.000382	587839.8584378046	37730.99999999999	10	2048851.0	8	7288434.0	21	14576251.0
N465	0.006923	107605.80423270485	402699.99999999994	12	2451551.0	9	7250703.0	20	18701723.0
Mohoua_ochrocephala	0.035762	534668.544693537	2433470.0	1	2433470.0	1	9299554.0	21	2433470.0
Machaerirhynchus_nigripectus	0.032691	148694.7585895899	1896936.0	1	1896936.0	1	9299554.0	23	1896936.0
Gymnorhina_tibicen	0.027472	253881.80289440238	1854631.9999999998	1	1854631.9999999998	1	9299554.0	24	1854631.9999999998
Rhagologus_leucostigma	0.025725	113984.87682536067	1785337.0	1	1785337.0	1	9299554.0	25	1785337.0
Dryoscopus_gambensis	0.030501	99028.61867947355	1667742.9999999998	1	1667742.9999999998	1	9299554.0	26	1667742.9999999998
Dyaphorophyia_castanea	0.031873	155254.38692546773	1580477.9999999998	1	1580477.9999999998	1	9299554.0	27	1580477.9999999998
Mystacornis_crossleyi	0.033292	155254.38692546773	1580477.9999999998	1	1580477.9999999998	1	9299554.0	27	1580477.9999999998
N473	0.001757	155254.38692546773	87264.99999999999	2	1667742.9999999998	2	7719076.0	26	3248220.9999999995
N474	0.002321	99028.61867947355	117593.99999999999	3	1785336.9999999998	3	7631811.0	25	5033557.999999999
N475	0.001274	113984.87682536067	69294.99999999999	4	1854632.0	4	7514217.0	24	6888189.999999999
N476	0.000578	253881.80289440238	42304.0	5	1896936.0	5	7444922.0	23	8785125.999999998
N477	0.007118	148694.7585895899	512783.99999999994	6	2409720.0	6	7402618.0	22	11194846.0
Daphoenositta_chrysoptera	0.040517	1028237.3272541342	2387005.9999999995	1	2387005.9999999995	1	9299554.0	23	2387005.9999999995
Eulacestoma_nigropectus	0.034691	143155.92547192308	2343252.9999999995	1	2343252.9999999995	1	9299554.0	24	2343252.9999999995
Aleadryas_rufinucha	0.03074	249682.79621415297	2090482.9999999998	1	2090482.9999999998	1	9299554.0	26	2090482.9999999998
Falcunculus_frontatus	0.03208	249682.79621415297	2090482.9999999998	1	2090482.9999999998	1	9299554.0	26	2090482.9999999998
N482	0.003851	249682.79621415297	216757.99999999997	2	2307240.9999999995	2	7209071.0	25	4397723.999999999
Pachycephala_philippinensis	0.031543	432356.54964237014	2164384.0	1	2164384.0	1	9299554.0	27	2164384.0
Oriolus_oriolus	0.035375	432356.54964237014	2164384.0	1	2164384.0	1	9299554.0	27	2164384.0
N485	0.002031	432356.54964237014	108764.99999999999	2	2273149.0	2	7135170.0	26	4437533.0
Oreocharis_arfaki	0.041785	329129.416849172	2198148.0	1	2198148.0	1	9299554.0	27	2198148.0
Pteruthius_melanotis	0.036403	113454.13553250399	1854763.0	1	1854763.0	1	9299554.0	28	1854763.0
Erpornis_zantholeuca	0.034175	106196.06615387293	1466601.9999999998	1	1466601.9999999998	1	9299554.0	29	1466601.9999999998
Vireo_altiloquus	0.032201	106196.06615387293	1466601.9999999998	1	1466601.9999999998	1	9299554.0	29	1466601.9999999998
N490	0.006275	106196.06615387293	388160.99999999994	2	1854762.9999999998	2	7832952.0	28	3321364.9999999995
N491	0.007101	113454.13553250399	343384.99999999994	3	2198148.0	3	7444791.0	27	5519512.999999999
N492	0.00142	329129.416849172	75000.99999999999	4	2273149.0	4	7101406.0	26	7792661.999999999
N493	0.000597	645739.1471772939	34091.99999999999	6	2307241.0	5	7026405.0	25	12264287.0
N494	0.000645	653424.6591308832	36011.99999999999	8	2343253.0	6	6992313.0	24	16698023.0
N495	0.001555	143155.92547192308	43752.99999999999	9	2387006.0	7	6956301.0	23	19085029.0
N496	0.000604	1028237.3272541342	22713.999999999996	10	2409720.0	8	6912548.0	22	21494749.0
N497	0.000743	719793.0961173817	23749.999999999996	16	2433470.0	9	6889834.0	21	32713345.0
N498	0.000521	534668.544693537	18080.999999999996	17	2451551.0	10	6866084.0	20	35164896.0
N499	0.000871	672000.889619325	75265.0	29	2526816.0	11	6848003.0	19	53941884.0
N500	0.003877	57469.396439551354	40391.99999999999	30	2567208.0	12	6772738.0	18	56509092.0
N501	0.00592	229069.71131230987	382961.99999999994	31	2950170.0	13	6732346.0	17	59459262.0
Cnemophilus_loriae	0.041884	102008.5804840518	2781230.9999999995	1	2781230.9999999995	1	9299554.0	18	2781230.9999999995
Melanocharis_versteri	0.042705	250806.53477185316	2730350.9999999995	1	2730350.9999999995	1	9299554.0	19	2730350.9999999995
Callaeas_wilsoni	0.037731	231136.99354378664	2364176.0	1	2364176.0	1	9299554.0	21	2364176.0
Notiomystis_cincta	0.050235	231136.99354378664	2364176.0	1	2364176.0	1	9299554.0	21	2364176.0
N506	0.004759	231136.99354378664	286861.99999999994	2	2651038.0	2	6935378.0	20	5015214.0
Drymodes_brunneopygia	0.052195	915642.692838885	2493437.9999999995	1	2493437.9999999995	1	9299554.0	22	2493437.9999999995
Chaetops_frenatus	0.037812	165705.0439237272	1701701.9999999995	1	1701701.9999999995	1	9299554.0	23	1701701.9999999995
Picathartes_gymnocephalus	0.031696	165705.0439237272	1701701.9999999995	1	1701701.9999999995	1	9299554.0	23	1701701.9999999995
N510	0.015207	165705.0439237272	791735.9999999999	2	2493437.9999999995	2	7597852.0	22	4195139.999999999
N511	0.00205	915642.692838885	98514.99999999999	3	2591952.9999999995	3	6806116.0	21	6787092.999999998
Anthoscopus_minutus	0.05308	119657.03747472558	1833752.9999999998	1	1833752.9999999998	1	9299554.0	24	1833752.9999999998
Poecile_atricapillus	0.013457	156460.40318117008	636864.9999999999	1	636864.9999999999	1	9299554.0	25	636864.9999999999
Parus_major	0.012051	70589.79499675245	455488.99999999994	1	455488.99999999994	1	9299554.0	26	455488.99999999994
Pseudopodoces_humilis	0.009877	70589.79499675245	455488.99999999994	1	455488.99999999994	1	9299554.0	26	455488.99999999994
N516	0.004339	70589.79499675245	181375.99999999997	2	636864.9999999999	2	8844065.0	25	1092353.9999999998
N517	0.022744	156460.40318117008	1196887.9999999998	3	1833752.9999999998	3	8662689.0	24	2926106.9999999995
N518	0.006848	119657.03747472558	242148.99999999997	4	2075901.9999999998	4	7465801.0	23	5002008.999999999
Alaudala_cheleensis	0.048972	174442.6169281872	1739604.9999999995	1	1739604.9999999995	1	9299554.0	25	1739604.9999999995
Panurus_biarmicus	0.043338	174442.6169281872	1739604.9999999995	1	1739604.9999999995	1	9299554.0	25	1739604.9999999995
N521	0.003989	174442.6169281872	145726.99999999997	2	1885331.9999999995	2	7559949.0	24	3624936.999999999
Nicator_chloris	0.045374	195765.33175636877	1856721.9999999995	1	1856721.9999999995	1	9299554.0	25	1856721.9999999995
Sylvietta_virens	0.04485	70286.6228639241	1795848.9999999998	1	1795848.9999999998	1	9299554.0	26	1795848.9999999998
Cisticola_juncidis	0.056819	87265.28129265891	1741133.9999999998	1	1741133.9999999998	1	9299554.0	27	1741133.9999999998
Acrocephalus_arundinaceus	0.014892	171762.8290640579	692533.9999999999	1	692533.9999999999	1	9299554.0	30	692533.9999999999
Hippolais_icterina	0.016839	171762.8290640579	692533.9999999999	1	692533.9999999999	1	9299554.0	30	692533.9999999999
N527	0.014041	171762.8290640579	994032.9999999998	2	1686566.9999999995	2	8607020.0	29	2379100.9999999995
Locustella_ochotensis	0.04061	107625.51038008042	1515804.9999999998	1	1515804.9999999998	1	9299554.0	30	1515804.9999999998
Oxylabes_madagascariensis	0.032081	255672.43324168978	1463888.9999999998	1	1463888.9999999998	1	9299554.0	31	1463888.9999999998
Donacobius_atricapilla	0.041306	255672.43324168978	1463888.9999999998	1	1463888.9999999998	1	9299554.0	31	1463888.9999999998
N531	0.000975	255672.43324168978	51915.999999999985	2	1515804.9999999998	2	7835665.0	30	2979693.9999999995
N532	0.00497	107625.51038008042	170761.99999999997	3	1686566.9999999998	3	7783749.0	29	4666260.999999999
N533	0.000812	384145.3824522654	33225.99999999999	5	1719792.9999999998	4	7612987.0	28	7078587.999999999
Hirundo_rustica	0.052375	151664.82712693096	1697477.9999999998	1	1697477.9999999998	1	9299554.0	29	1697477.9999999998
Phylloscopus_trochilus	0.019381	142184.76167218128	771333.9999999999	1	771333.9999999999	1	9299554.0	32	771333.9999999999
Rhadina_sibilatrix	0.018362	142184.76167218128	771333.9999999999	1	771333.9999999999	1	9299554.0	32	771333.9999999999
N537	0.014303	142184.76167218128	780041.9999999999	2	1551375.9999999998	2	8528220.0	31	2322709.9999999995
Hylia_prasina	0.038752	123590.78890495533	1499098.9999999998	1	1499098.9999999998	1	9299554.0	32	1499098.9999999998
Aegithalos_caudatus	0.042278	130860.01975752127	1449597.9999999998	1	1449597.9999999998	1	9299554.0	33	1449597.9999999998
Erythrocercus_mccallii	0.035281	92721.72889219357	1344279.9999999998	1	1344279.9999999998	1	9299554.0	34	1344279.9999999998
Cettia_cetti	0.024217	89964.41336700284	891644.9999999998	1	891644.9999999998	1	9299554.0	35	891644.9999999998
Horornis_vulcanius	0.022	89964.41336700284	891644.9999999998	1	891644.9999999998	1	9299554.0	35	891644.9999999998
N543	0.010985	89964.41336700284	452634.99999999994	2	1344279.9999999998	2	8407909.0	34	2235924.9999999995
N544	0.003296	92721.72889219357	105317.99999999999	3	1449597.9999999998	3	7955274.0	33	3685522.999999999
N545	0.001543	130860.01975752127	49500.99999999999	4	1499098.9999999998	4	7849956.0	32	5184621.999999999
N546	0.002082	123590.78890495533	52276.999999999985	5	1551375.9999999998	5	7800455.0	31	6735997.999999999
N547	0.003647	96258.61786603503	124852.99999999997	7	1676228.9999999998	6	7748178.0	30	9183560.999999998
Brachypodius_atriceps	0.02392	115615.45580037034	940505.9999999999	1	940505.9999999999	1	9299554.0	32	940505.9999999999
Pycnonotus_jocosus	0.023289	115615.45580037034	940505.9999999999	1	940505.9999999999	1	9299554.0	32	940505.9999999999
N550	0.017845	115615.45580037034	675620.9999999999	2	1616126.9999999998	2	8359048.0	31	2556632.9999999995
Sinosuthora_webbiana	0.028056	133644.62757065843	1232672.9999999998	1	1232672.9999999998	1	9299554.0	33	1232672.9999999998
Sylvia_atricapilla	0.017204	115805.96389787478	557319.0	1	557319.0	1	9299554.0	34	557319.0
Sylvia_borin	0.014675	115805.96389787478	557319.0	1	557319.0	1	9299554.0	34	557319.0
N554	0.008637	115805.96389787478	675353.9999999999	2	1232673.0	2	8742235.0	33	1789992.0
N555	0.004857	133644.62757065843	170095.99999999997	3	1402769.0	3	8066881.0	32	3192761.0
Sterrhoptilus_dennistouni	0.01199	147162.4196603662	546914.9999999999	1	546914.9999999999	1	9299554.0	34	546914.9999999999
Zosterops_hypoxanthus	0.003074	92610.55219481821	193327.99999999997	1	193327.99999999997	1	9299554.0	35	193327.99999999997
Zosterops_lateralis	0.002828	92610.55219481821	193327.99999999997	1	193327.99999999997	1	9299554.0	35	193327.99999999997
N559	0.00739	92610.55219481821	353586.99999999994	2	546914.9999999999	2	9106226.0	34	740242.9999999999
N560	0.017262	147162.4196603662	793074.9999999999	3	1339989.9999999998	3	8752639.0	33	2080232.9999999995
Pomatorhinus_ruficollis	0.028916	174207.57667346447	1278593.9999999998	1	1278593.9999999998	1	9299554.0	34	1278593.9999999998
Illadopsis_cleaveri	0.027175	262469.2719299304	1194818.0	1	1194818.0	1	9299554.0	35	1194818.0
Leiothrix_lutea	0.030129	262469.2719299304	1194818.0	1	1194818.0	1	9299554.0	35	1194818.0
N564	0.002335	262469.2719299304	83775.99999999999	2	1278594.0	2	8104736.0	34	2473412.0
N565	0.002255	174207.57667346447	61395.999999999985	3	1339990.0	3	8020960.0	33	3813402.0
N566	0.00252	205920.4097942236	62778.999999999985	6	1402769.0	4	7959564.0	32	5956414.0
N567	0.006087	93340.25569780356	213357.99999999994	9	1616127.0	5	7896785.0	31	9362533.0
N568	0.002081	195203.73024941405	60101.99999999999	11	1676229.0	6	7683427.0	30	11979268.0
N569	0.000746	187801.1925055704	21248.999999999996	18	1697478.0	7	7623325.0	29	21184078.0
N570	0.001073	151664.82712693096	22314.999999999996	19	1719793.0	8	7602076.0	28	22903871.0
N571	0.000505	374024.1913386288	21340.999999999996	24	1741134.0	9	7579761.0	27	30003800.0
N572	0.00217	87265.28129265891	54714.99999999999	25	1795849.0	10	7558420.0	26	31799649.0
N573	0.002299	70286.6228639241	60872.99999999999	26	1856722.0	11	7503705.0	25	33656371.0
N574	0.000744	195765.33175636877	28609.999999999996	27	1885332.0	12	7442832.0	24	35541703.0
N575	0.004547	76046.02785118924	190569.99999999997	29	2075902.0	13	7414222.0	23	39357210.0
N576	0.001351	306573.4301973721	160641.99999999997	33	2236544.0	14	7223652.0	22	44519861.0
Bombycilla_garrulus	0.03684	128678.43180117485	1349420.9999999998	1	1349420.9999999998	1	9299554.0	25	1349420.9999999998
Phainopepla_nitens	0.029256	128678.43180117485	1349420.9999999998	1	1349420.9999999998	1	9299554.0	25	1349420.9999999998
N579	0.013149	128678.43180117485	733744.9999999999	2	2083165.9999999995	2	7950133.0	24	3432586.999999999
Regulus_satrapa	0.069698	253912.6724272972	2068980.9999999998	1	2068980.9999999998	1	9299554.0	25	2068980.9999999998
Tichodroma_muraria	0.042605	90071.87908734831	1851884.9999999998	1	1851884.9999999998	1	9299554.0	27	1851884.9999999998
Sitta_europaea	0.054905	129645.97512976317	1819158.9999999998	1	1819158.9999999998	1	9299554.0	28	1819158.9999999998
Polioptila_caerulea	0.032058	91336.25442608634	1263671.9999999998	1	1263671.9999999998	1	9299554.0	30	1263671.9999999998
Thryothorus_ludovicianus	0.037118	91336.25442608634	1263671.9999999998	1	1263671.9999999998	1	9299554.0	30	1263671.9999999998
N585	0.011587	91336.25442608634	439287.99999999994	2	1702959.9999999998	2	8035882.0	29	2966631.9999999995
Certhia_brachydactyla	4.9e-05	209025.9980911597	225288.0	1	225288.0	1	9299554.0	30	225288.0
Certhia_familiaris	3.1e-05	209025.9980911597	225288.0	1	225288.0	1	9299554.0	30	225288.0
N588	0.043399	209025.9980911597	1477671.9999999998	2	1702959.9999999998	2	9074266.0	29	1928247.9999999998
N589	0.003057	73900.54360745876	116198.99999999999	4	1819158.9999999998	3	7596594.0	28	5011078.999999999
N590	0.001667	129645.97512976317	32725.999999999996	5	1851884.9999999998	4	7480395.0	27	6862963.999999999
N591	0.005006	90071.87908734831	186176.99999999997	6	2038061.9999999998	5	7447669.0	26	8901026.0
Elachura_formosa	0.077968	170458.6515119147	1972978.9999999998	1	1972978.9999999998	1	9299554.0	27	1972978.9999999998
Buphagus_erythrorhynchus	0.023377	107854.36003687771	1126432.9999999998	1	1126432.9999999998	1	9299554.0	29	1126432.9999999998
Toxostoma_redivivum	0.029723	126889.83497295761	1086583.0	1	1086583.0	1	9299554.0	30	1086583.0
Rhabdornis_inornatus	0.023719	88009.41009075116	1026399.9999999998	1	1026399.9999999998	1	9299554.0	31	1026399.9999999998
Leucopsar_rothschildi	0.009016	86684.59320023839	376292.99999999994	1	376292.99999999994	1	9299554.0	32	376292.99999999994
Sturnus_vulgaris	0.008487	86684.59320023839	376292.99999999994	1	376292.99999999994	1	9299554.0	32	376292.99999999994
N598	0.013176	86684.59320023839	650106.9999999999	2	1026399.9999999998	2	8923261.0	31	1402692.9999999998
N599	0.001784	88009.41009075116	60182.999999999985	3	1086582.9999999998	3	8273154.0	30	2489275.9999999995
N600	0.001642	126889.83497295761	39849.99999999999	4	1126433.0	4	8212971.0	29	3615708.9999999995
N601	0.009263	107854.36003687771	477183.99999999994	5	1603617.0	5	8173121.0	28	5219325.999999999
Cinclus_mexicanus	0.050813	194220.1522783803	1558398.9999999998	1	1558398.9999999998	1	9299554.0	29	1558398.9999999998
Catharus_fuscescens	0.043358	72550.18776615444	1452451.9999999998	1	1452451.9999999998	1	9299554.0	30	1452451.9999999998
Cercotrichas_coryphaeus	0.016706	85246.49948446683	697070.9999999999	1	697070.9999999999	1	9299554.0	32	697070.9999999999
Copsychus_sechellarum	0.018213	85246.49948446683	697070.9999999999	1	697070.9999999999	1	9299554.0	32	697070.9999999999
N606	0.009078	85246.49948446683	429647.99999999994	2	1126718.9999999998	2	8602483.0	31	1823789.9999999995
Erithacus_rubecula	0.030442	75873.74232058822	904620.9999999999	1	904620.9999999999	1	9299554.0	32	904620.9999999999
Ficedula_albicollis	0.02065	134578.40800848088	797731.9999999999	1	797731.9999999999	1	9299554.0	33	797731.9999999999
Oenanthe_oenanthe	0.013953	72090.14987054437	505727.99999999994	1	505727.99999999994	1	9299554.0	34	505727.99999999994
Saxicola_maurus	0.012577	72090.14987054437	505727.99999999994	1	505727.99999999994	1	9299554.0	34	505727.99999999994
N611	0.007931	72090.14987054437	292004.0	2	797732.0	2	8793826.0	33	1303460.0
N612	0.002541	134578.40800848088	106888.99999999997	3	904621.0	3	8501822.0	32	2208081.0
N613	0.006631	75873.74232058822	222097.99999999997	4	1126719.0	4	8394933.0	31	3334800.0
N614	0.008947	71119.48622388355	325732.99999999994	6	1452451.9999999998	5	8172835.0	30	5484322.999999999
N615	0.004027	72550.18776615444	105946.99999999997	7	1558399.0	6	7847102.0	29	7042722.0
N616	0.000516	194220.1522783803	45217.99999999999	8	1603617.0	7	7741155.0	28	8646339.0
N617	0.009594	79135.85153845587	369361.99999999994	13	1972979.0	8	7695937.0	27	14235026.999999998
N618	0.002043	170458.6515119147	65082.99999999999	14	2038062.0	9	7326575.0	26	16273088.999999998
N619	0.000317	429853.893673859	30918.999999999996	20	2068981.0	10	7261492.0	25	25205033.999999996
N620	0.00012	253912.6724272972	14184.999999999998	21	2083166.0	11	7230573.0	24	27288199.999999996
N621	0.000802	793598.2414878821	118216.0	23	2201382.0	12	7216388.0	23	30839003.0
Promerops_cafer	0.037842	160995.6844855372	1973604.9999999995	1	1973604.9999999995	1	9299554.0	24	1973604.9999999995
Dicaeum_eximium	0.035299	113431.25967089258	1592040.9999999998	1	1592040.9999999998	1	9299554.0	26	1592040.9999999998
Leptocoma_aspasia	0.027621	113431.25967089258	1592040.9999999998	1	1592040.9999999998	1	9299554.0	26	1592040.9999999998
N625	0.008181	113431.25967089258	360449.99999999994	2	1952490.9999999998	2	7707513.0	25	3544531.9999999995
Chloropsis_cyanopogon	0.013012	187773.32408439525	732608.9999999999	1	732608.9999999999	1	9299554.0	27	732608.9999999999
Chloropsis_hardwickii	0.017206	187773.32408439525	732608.9999999999	1	732608.9999999999	1	9299554.0	27	732608.9999999999
N628	0.025586	187773.32408439525	1129902.9999999998	2	1862511.9999999995	2	8566945.0	26	2595120.9999999995
Irena_cyanogastra	0.045679	122680.58393452707	1832950.9999999995	1	1832950.9999999995	1	9299554.0	27	1832950.9999999995
Peucedramus_taeniatus	0.037817	66122.44132785837	1731447.9999999998	1	1731447.9999999998	1	9299554.0	28	1731447.9999999998
Urocynchramus_pylzowi	0.034312	494761.97419882	1581315.9999999998	1	1581315.9999999998	1	9299554.0	30	1581315.9999999998
Ploceus_nigricollis	0.024291	84480.26013465748	1419680.9999999998	1	1419680.9999999998	1	9299554.0	31	1419680.9999999998
Vidua_chalybeata	0.002743	143041.55467838803	216412.99999999997	1	216412.99999999997	1	9299554.0	33	216412.99999999997
Vidua_macroura	0.00224	143041.55467838803	216412.99999999997	1	216412.99999999997	1	9299554.0	33	216412.99999999997
N635	0.021169	143041.55467838803	972911.9999999999	2	1189324.9999999998	2	9083141.0	32	1405737.9999999998
Lonchura_striata	0.020165	80546.62890259505	659547.9999999999	1	659547.9999999999	1	9299554.0	33	659547.9999999999
Taeniopygia_guttata	0.018747	80546.62890259505	659547.9999999999	1	659547.9999999999	1	9299554.0	33	659547.9999999999
N638	0.010174	80546.62890259505	529776.9999999999	2	1189324.9999999998	2	8640006.0	32	1848872.9999999995
N639	0.005443	67918.60468864815	230355.99999999997	4	1419680.9999999998	3	8110229.0	31	3484966.9999999995
N640	0.004195	84480.26013465748	161634.99999999997	5	1581315.9999999998	4	7879873.0	30	5066282.999999999
N641	0.000721	494761.97419882	53980.99999999999	6	1635296.9999999998	5	7718238.0	29	6701579.999999999
Prunella_fulvescens	0.012634	162987.93407036783	575381.9999999999	1	575381.9999999999	1	9299554.0	31	575381.9999999999
Prunella_himalayana	0.010603	162987.93407036783	575381.9999999999	1	575381.9999999999	1	9299554.0	31	575381.9999999999
N644	0.021641	162987.93407036783	1007295.9999999999	2	1582677.9999999998	2	8724172.0	30	2158059.9999999995
Passer_domesticus	0.032935	130261.56104054913	1255784.9999999998	1	1255784.9999999998	1	9299554.0	32	1255784.9999999998
Hypocryptadius_cinnamomeus	0.024472	130261.56104054913	1255784.9999999998	1	1255784.9999999998	1	9299554.0	32	1255784.9999999998
N647	0.005082	130261.56104054913	217519.99999999994	2	1473304.9999999998	2	8043769.0	31	2729089.9999999995
Motacilla_alba	0.035362	80607.85297592684	1395562.9999999998	1	1395562.9999999998	1	9299554.0	32	1395562.9999999998
Chlorodrepanis_virens	0.002087	69568.20523770375	139797.99999999997	1	139797.99999999997	1	9299554.0	35	139797.99999999997
Hemignathus_wilsoni	0.001748	69568.20523770375	139797.99999999997	1	139797.99999999997	1	9299554.0	35	139797.99999999997
N651	0.013229	69568.20523770375	629912.9999999999	2	769710.9999999999	2	9159756.0	34	909508.9999999999
Serinus_canaria	0.011591	61416.13457178318	447974.99999999994	1	447974.99999999994	1	9299554.0	35	447974.99999999994
Loxia_curvirostra	0.002519	55562.08651545124	132654.99999999997	1	132654.99999999997	1	9299554.0	36	132654.99999999997
Loxia_leucoptera	0.002289	55562.08651545124	132654.99999999997	1	132654.99999999997	1	9299554.0	36	132654.99999999997
N655	0.006009	55562.08651545124	315319.99999999994	2	447974.9999999999	2	9166899.0	35	580629.9999999999
N656	0.008411	61416.13457178318	321736.0	3	769711.0	3	8851579.0	34	1350341.0
N657	0.010208	82314.23015358878	518146.99999999994	5	1287858.0	4	8529843.0	33	2777997.0
Rhodinocichla_rosea	0.024522	78376.17768860284	1142841.9999999998	1	1142841.9999999998	1	9299554.0	34	1142841.9999999998
Calcarius_ornatus	0.026686	1056512.750824388	1032576.9999999999	1	1032576.9999999999	1	9299554.0	36	1032576.9999999999
Emberiza_fucata	0.029276	1056512.750824388	1032576.9999999999	1	1032576.9999999999	1	9299554.0	36	1032576.9999999999
N661	0.001155	1056512.750824388	57349.99999999999	2	1089926.9999999998	2	8266977.0	35	2122503.9999999995
Pheucticus_melanocephalus	0.01532	94024.01842463705	662410.9999999999	1	662410.9999999999	1	9299554.0	38	662410.9999999999
Cardinalis_cardinalis	0.018286	360434.85190960683	617494.9999999999	1	617494.9999999999	1	9299554.0	39	617494.9999999999
Passerina_amoena	0.016565	360434.85190960683	617494.9999999999	1	617494.9999999999	1	9299554.0	39	617494.9999999999
N665	0.000417	360434.85190960683	44915.99999999999	2	662410.9999999999	2	8682059.0	38	1279905.9999999998
N666	0.006382	94024.01842463705	235429.0	3	897839.9999999999	3	8637143.0	37	2177745.9999999995
Nesospiza_acunhae	0.019577	159162.85913425058	768090.9999999999	1	768090.9999999999	1	9299554.0	38	768090.9999999999
Geospiza_fortis	0.016772	230764.2295304853	714144.9999999999	1	714144.9999999999	1	9299554.0	39	714144.9999999999
Sporophila_hypoxantha	0.01674	230764.2295304853	714144.9999999999	1	714144.9999999999	1	9299554.0	39	714144.9999999999
N670	0.00205	230764.2295304853	53946.0	2	768090.9999999999	2	8585409.0	38	1482235.9999999998
N671	0.003978	159162.85913425058	129748.99999999999	3	897839.9999999999	3	8531463.0	37	2380075.9999999995
N672	0.004813	174219.19081012777	155172.99999999997	6	1053013.0	4	8401714.0	36	4712994.999999999
Spizella_passerina	0.019883	101956.8758137468	761212.9999999999	1	761212.9999999999	1	9299554.0	38	761212.9999999999
Melospiza_melodia	0.015039	117219.1665503994	581275.9999999999	1	581275.9999999999	1	9299554.0	39	581275.9999999999
Junco_hyemalis	0.008492	68545.6592326607	345240.99999999994	1	345240.99999999994	1	9299554.0	40	345240.99999999994
Zonotrichia_albicollis	0.00933	68545.6592326607	345240.99999999994	1	345240.99999999994	1	9299554.0	40	345240.99999999994
N677	0.006737	68545.6592326607	236034.99999999997	2	581275.9999999999	2	8954313.0	39	926516.9999999998
N678	0.005383	117219.1665503994	179936.99999999997	3	761212.9999999999	3	8718278.0	38	1687729.9999999995
N679	0.007837	101956.8758137468	216540.99999999997	4	977753.9999999999	4	8538341.0	37	2665483.9999999995
Setophaga_coronata	0.005905	84357.24851112509	325579.0	1	325579.0	1	9299554.0	39	325579.0
Setophaga_kirtlandii	0.006703	84357.24851112509	325579.0	1	325579.0	1	9299554.0	39	325579.0
N682	0.021052	84357.24851112509	532390.9999999999	2	857969.9999999999	2	8973975.0	38	1183549.0
Agelaius_phoeniceus	0.005765	85662.80396832974	325166.99999999994	1	325166.99999999994	1	9299554.0	39	325166.99999999994
Molothrus_ater	0.005893	86422.8196973787	262857.99999999994	1	262857.99999999994	1	9299554.0	40	262857.99999999994
Quiscalus_mexicanus	0.006221	86422.8196973787	262857.99999999994	1	262857.99999999994	1	9299554.0	40	262857.99999999994
N686	0.001461	86422.8196973787	62308.99999999999	2	325166.99999999994	2	9036696.0	39	588024.9999999999
N687	0.014641	85662.80396832974	532802.9999999999	3	857969.9999999998	3	8974387.0	38	1445994.9999999998
N688	0.003098	224365.5549824697	119783.99999999999	5	977753.9999999999	4	8441584.0	37	2749327.9999999995
N689	0.003284	138026.8816113899	75258.99999999999	9	1053013.0	5	8321800.0	36	5490070.999999999
N690	0.001417	247696.3026039494	36914.0	15	1089927.0	6	8246541.0	35	10239979.999999998
N691	0.001968	218254.97392133911	52914.99999999999	17	1142842.0	7	8209627.0	34	12415398.999999998
N692	0.005782	78376.17768860284	145015.99999999997	18	1287858.0	8	8156712.0	33	13703257.0
N693	0.004054	75403.09269664106	107704.99999999999	23	1395562.9999999998	9	8011696.0	32	16588959.0
N694	0.002804	80607.85297592684	77741.99999999999	24	1473304.9999999998	10	7903991.0	31	18062263.999999996
N695	0.00433	74082.32961201877	109373.0	26	1582678.0	11	7826249.0	30	20900727.0
N696	0.001748	203904.4981521928	52619.0	28	1635297.0	12	7716876.0	29	23111406.0
N697	0.003226	97159.51966371847	96150.99999999999	34	1731448.0	13	7664257.0	28	29909137.0
N698	0.003592	66122.44132785837	101503.0	35	1832951.0	14	7568106.0	27	31742088.0
N699	0.001282	122680.58393452707	29560.999999999993	36	1862512.0	15	7466603.0	26	33604600.0
N700	0.002309	76706.92995448771	89978.99999999999	38	1952490.9999999998	16	7437042.0	25	36289699.99999999
N701	0.002366	20974.22293437584	21113.999999999996	40	1973604.9999999998	17	7347063.0	24	39855345.99999999
N702	0.002893	160995.6844855372	227776.99999999994	41	2201381.9999999995	18	7325949.0	23	42056727.99999999
N703	0.00084	144415.45200559648	35161.99999999999	64	2236544.0	19	7098172.0	22	72930892.99999999
N704	0.008102	94417.94680118014	355408.99999999994	97	2591953.0	20	7063010.0	21	117806163.0
N705	0.001854	217562.51505574535	59084.99999999999	100	2651038.0	21	6707601.0	20	124652341.0
N706	0.001094	215793.3326088825	79312.99999999999	102	2730351.0	22	6648516.0	19	129746868.0
N707	0.001234	250806.53477185316	50879.99999999999	103	2781231.0	23	6569203.0	18	132528099.0
N708	0.004093	102008.5804840518	168938.99999999997	104	2950170.0	24	6518323.0	17	135478269.0
N709	0.002314	146236.80509469946	107804.99999999999	135	3057975.0	25	6349384.0	16	195045336.0
N710	0.005687	105609.73210043181	274949.0	137	3332924.0	26	6241579.0	15	201269260.0
N711	0.010689	94094.7627029239	461804.99999999994	142	3794729.0	27	5966630.0	14	215191358.0
N712	0.005044	120466.52493987633	217812.99999999997	144	4012542.0	28	5504825.0	13	222505342.99999997
N713	0.009617	104552.8816374183	721877.9999999999	146	4734420.0	29	5287012.0	12	230109939.99999997
N714	0.006553	130057.17438548549	336232.99999999994	172	5070653.0	30	4565134.0	11	288953592.99999994
Passeriformes	0.036768	157851.1600163415	1100374.0	173	6171027.0	31	4228901.0	10	295124620.0
N716	0.002293	885327.3527548583	85554.99999999999	179	6256582.0	32	3128526.9999999995	9	313090895.0
N717	0.002081	381400.3608040691	56710.0	182	6313292.0	33	3042971.9999999995	8	322722877.0
N718	0.002332	480419.31891516387	68045.99999999999	184	6381338.0	34	2986261.9999999995	7	329875637.0
N719	0.006007	265266.01218303666	202369.0	222	6583707.0	35	2918215.9999999995	6	475026906.0
N720	0.001445	2250373.3869901206	61862.99999999999	301	6645570.0	36	2715846.9999999995	5	765505923.0
N721	0.001524	3572488.062276865	92455.99999999999	323	6738026.0	37	2653983.9999999995	4	841701113.0
N722	0.033558	378974.07872575405	2104775.9999999995	326	8842802.0	38	2561527.9999999995	3	857212699.0
N723	0.015851302970168585	321020.14856777596	456751.99999999994	344	9299554.0	39	456751.99999999994	2	919074904.0
root	0	318550.7015151208	None	363	9299554.0	40	0	1	983570872.0
